{"cameraMode":{"drawMode":0,"name":"Shaded","section":"Shading Mode"},"sceneLighting":true,"audioPlay":false,"sceneViewState":{"m_AlwaysRefresh":false,"showFog":true,"showSkybox":true,"showFlares":true,"showImageEffects":true,"showParticleSystems":true,"showVisualEffectGraphs":true,"m_FxEnabled":true},"in2DMode":false,"pivot":{"x":2.412644863128662,"y":0.7160587310791016,"z":-5.833553314208984},"rotation":{"x":0.42300543189048769,"y":0.3164218068122864,"z":-0.16053487360477448,"w":0.8337773084640503},"size":15.167939186096192,"orthographic":false}